comarca,serventia,n_observacoes,n_treino,n_teste,mae_cv,mae_teste,rmse_teste,melhores_params,top_features
ÁGUAS LINDAS DE GOIÁS,"2ª Vara de Fazendas Públicas, Registros Públicos e Ambiental",231,228,3,4.22528619063528,0.3513132731119792,0.5741666914641412,"{'n_estimators': 200, 'max_depth': 3, 'learning_rate': 0.05, 'subsample': 0.8, 'colsample_bytree': 0.9}","[('diff_12', 0.3058088), ('diff_1', 0.28510365), ('tendencia_quad', 0.06204758), ('tendencia', 0.061766833), ('lag_1', 0.029483331)]"
ANICUNS,"1ª Vara Judicial (Família e Sucessões, Infância e Juventude, Cível e Juizado Especial Cível)",602,599,3,4.038893339523161,0.0,0.0,"{'n_estimators': 200, 'max_depth': 3, 'learning_rate': 0.1, 'subsample': 1.0, 'colsample_bytree': 1.0}","[('tendencia', 0.47387078), ('media_movel_6', 0.21667352), ('diff_1', 0.08563643), ('diff_12', 0.06484486), ('lag_1', 0.048579566)]"
PALMEIRAS DE GOIÁS,Vara Judicial,1068,1065,3,0.5461621248924126,0.0,0.0,"{'n_estimators': 200, 'max_depth': 5, 'learning_rate': 0.05, 'subsample': 0.8, 'colsample_bytree': 1.0}","[('diff_12', 0.20518655), ('diff_1', 0.19537616), ('media_movel_6', 0.16090585), ('media_movel_12', 0.15640084), ('lag_1', 0.10806176)]"
ALEXÂNIA,Vara Judicial,1068,1065,3,1.2473171134991836,0.0,0.0,"{'n_estimators': 200, 'max_depth': 3, 'learning_rate': 0.1, 'subsample': 0.8, 'colsample_bytree': 0.8}","[('media_movel_12', 0.21116936), ('diff_12', 0.16296719), ('diff_1', 0.14961721), ('tendencia_quad', 0.12049063), ('media_movel_3', 0.08796832)]"
TRIBUNAL DE JUSTIÇA,GABINETE DES. ADEGMAR JOSÉ FERREIRA,58,55,3,7.797328119013043,33.251773834228516,38.174322491778014,"{'n_estimators': 200, 'max_depth': 3, 'learning_rate': 0.1, 'subsample': 1.0, 'colsample_bytree': 0.8}","[('diff_12', 0.7103504), ('diff_1', 0.06526806), ('tendencia', 0.060993172), ('trimestre_sin', 0.053179495), ('ano', 0.04435298)]"
GOIÂNIA,6ª Vara Criminal dos crimes punidos com reclusão e detenção,850,847,3,2.2124177057793797,0.0,0.0,"{'n_estimators': 200, 'max_depth': 3, 'learning_rate': 0.1, 'subsample': 0.8, 'colsample_bytree': 1.0}","[('tendencia', 0.6552901), ('media_movel_6', 0.16865592), ('media_movel_12', 0.05636519), ('diff_12', 0.03104586), ('media_movel_3', 0.03100644)]"
TRIBUNAL DE JUSTIÇA,GABINETE DES. JOSÉ PROTO DE OLIVEIRA,158,155,3,8.46294820168536,14.289558410644531,14.448118982939151,"{'n_estimators': 200, 'max_depth': 3, 'learning_rate': 0.1, 'subsample': 1.0, 'colsample_bytree': 0.8}","[('tendencia', 0.67602015), ('diff_12', 0.0924883), ('tendencia_quad', 0.08926725), ('diff_1', 0.030133981), ('lag_12', 0.023300374)]"
GUAPÓ,"1ª Vara Judicial (Família e Sucessões, Infância e Juventude, Cível e Juizado Especial Cível)",1068,1065,3,0.6401376484154309,0.00260162353515625,0.00260162353515625,"{'n_estimators': 200, 'max_depth': 3, 'learning_rate': 0.1, 'subsample': 0.8, 'colsample_bytree': 1.0}","[('diff_12', 0.4595739), ('diff_1', 0.17984854), ('lag_12', 0.124631524), ('lag_1', 0.11753669), ('media_movel_12', 0.038041357)]"
GOIÂNIA,2ª Vara de Família,969,966,3,1.5304418342542943,0.0,0.0,"{'n_estimators': 200, 'max_depth': 3, 'learning_rate': 0.1, 'subsample': 0.8, 'colsample_bytree': 1.0}","[('diff_1', 0.27742782), ('diff_12', 0.19502479), ('lag_1', 0.14091438), ('lag_12', 0.123327896), ('media_movel_12', 0.10321399)]"
TRIBUNAL DE JUSTIÇA,GABINETE DES. ALTAIR GUERRA DA COSTA,138,135,3,6.83777802928842,14.660835266113281,15.678676202929342,"{'n_estimators': 200, 'max_depth': 3, 'learning_rate': 0.05, 'subsample': 1.0, 'colsample_bytree': 1.0}","[('tendencia', 0.64744186), ('media_movel_12', 0.12360619), ('diff_12', 0.0974703), ('mes_sin', 0.032827232), ('diff_1', 0.020181874)]"
GOIÂNIA,7ª Vara Criminal dos crimes punidos com reclusão e detenção,884,881,3,1.770852832950958,0.0,0.0,"{'n_estimators': 200, 'max_depth': 3, 'learning_rate': 0.1, 'subsample': 1.0, 'colsample_bytree': 1.0}","[('diff_1', 0.4257169), ('diff_12', 0.14047676), ('media_movel_12', 0.106233224), ('media_movel_6', 0.09485064), ('lag_1', 0.077029735)]"
ANÁPOLIS,1ª Vara Cível,1068,1065,3,0.5534015337410618,0.00382232666015625,0.00382232666015625,"{'n_estimators': 200, 'max_depth': 5, 'learning_rate': 0.05, 'subsample': 0.9, 'colsample_bytree': 1.0}","[('diff_12', 0.47880313), ('diff_1', 0.22561395), ('lag_12', 0.089682996), ('lag_1', 0.08910988), ('media_movel_12', 0.067080826)]"
CIDADE OCIDENTAL,"2ª Vara (Cível, das Fazendas Públicas, de Registros Públicos e Ambiental)",1045,1042,3,0.9874399022449648,0.0068359375,0.0068359375,"{'n_estimators': 200, 'max_depth': 3, 'learning_rate': 0.1, 'subsample': 0.9, 'colsample_bytree': 0.9}","[('diff_12', 0.44036156), ('diff_1', 0.26428267), ('lag_1', 0.1079842), ('lag_12', 0.08354099), ('media_movel_12', 0.036046997)]"
ITAPURANGA,"1ª Vara Judicial (Família e Sucessões, Infância e Juventude, Cível e Juizado Especial Cível)",854,851,3,1.9818923246775957,0.0,0.0,"{'n_estimators': 200, 'max_depth': 3, 'learning_rate': 0.1, 'subsample': 0.8, 'colsample_bytree': 0.8}","[('tendencia', 0.31129834), ('media_movel_6', 0.114902265), ('media_movel_12', 0.112595454), ('diff_12', 0.1001765), ('diff_1', 0.093430504)]"
TRIBUNAL DE JUSTIÇA,GABINETE DESA. ALICE TELES DE OLIVEIRA,77,74,3,8.827260966105698,31.24928919474284,31.75751882867318,"{'n_estimators': 200, 'max_depth': 3, 'learning_rate': 0.05, 'subsample': 0.8, 'colsample_bytree': 1.0}","[('tendencia', 0.63973457), ('diff_12', 0.08952174), ('media_movel_6', 0.07834117), ('lag_5', 0.043678693), ('lag_2', 0.029244807)]"
TRIBUNAL DE JUSTIÇA,GABINETE DES. FERNANDO BRAGA VIGGIANO,94,91,3,16.361120988542027,2.276301066080729,2.279492520560782,"{'n_estimators': 200, 'max_depth': 5, 'learning_rate': 0.1, 'subsample': 1.0, 'colsample_bytree': 0.8}","[('tendencia', 0.76839954), ('std_movel_6', 0.048198838), ('diff_1', 0.04685545), ('trimestre_sin', 0.032195885), ('diff_12', 0.023862038)]"
GOIÂNIA,3º Juizado Especial Criminal,338,335,3,5.7305915990184655,15.057973225911459,17.25381644334319,"{'n_estimators': 200, 'max_depth': 3, 'learning_rate': 0.1, 'subsample': 0.8, 'colsample_bytree': 0.9}","[('tendencia', 0.38583958), ('tendencia_quad', 0.22144638), ('diff_12', 0.14227946), ('media_movel_12', 0.098493315), ('diff_1', 0.04003214)]"
JOVIÂNIA,Vara Judicial,414,411,3,1.7034214827593637,0.0085296630859375,0.0085296630859375,"{'n_estimators': 200, 'max_depth': 3, 'learning_rate': 0.1, 'subsample': 0.9, 'colsample_bytree': 0.9}","[('diff_1', 0.27054575), ('lag_1', 0.17453751), ('diff_12', 0.15106001), ('tendencia', 0.08464435), ('tendencia_quad', 0.07342822)]"
BOM JESUS DE GOIÁS,"1ª Vara Judicial (Família e Sucessões, Infância e Juventude, Cível e Juizado Especial Cível)",730,727,3,1.8588509042282735,0.0,0.0,"{'n_estimators': 200, 'max_depth': 3, 'learning_rate': 0.1, 'subsample': 0.8, 'colsample_bytree': 1.0}","[('diff_1', 0.20424366), ('tendencia', 0.20192124), ('diff_12', 0.17104734), ('media_movel_6', 0.12054599), ('lag_1', 0.09641745)]"
APARECIDA DE GOIÂNIA,"2ª Vara Criminal dos Crimes Dolosos contra a Vida, Tribunal do Júri e Execuções Penais (restritivas de direito, alternativas e de multa)",170,167,3,6.961929142139576,0.12425994873046875,0.12425994873046875,"{'n_estimators': 100, 'max_depth': 3, 'learning_rate': 0.1, 'subsample': 1.0, 'colsample_bytree': 1.0}","[('diff_1', 0.29774746), ('media_movel_6', 0.20283988), ('lag_2', 0.09155598), ('tendencia', 0.08432209), ('diff_12', 0.07802671)]"
GOIÂNIA,1º Juizado Especial Criminal,417,414,3,7.467690712771554,4.478833516438802,4.780022761824058,"{'n_estimators': 200, 'max_depth': 3, 'learning_rate': 0.1, 'subsample': 0.8, 'colsample_bytree': 1.0}","[('tendencia', 0.6163344), ('mes_sin', 0.10721673), ('diff_1', 0.054735973), ('media_movel_3', 0.049977772), ('lag_1', 0.040255718)]"
INHUMAS,Vara das Fazendas Públicas e Registros Públicos e Família e Sucessões,980,977,3,2.066378709581163,0.006134033203125,0.006134033203125,"{'n_estimators': 200, 'max_depth': 3, 'learning_rate': 0.1, 'subsample': 0.9, 'colsample_bytree': 1.0}","[('diff_12', 0.21935764), ('media_movel_12', 0.19304958), ('diff_1', 0.17244487), ('tendencia', 0.15245016), ('lag_1', 0.113082044)]"
LUZIÂNIA,"1ª Vara Criminal (crimes dolosos contra a vida, Pres. Trib do Juri e Execuções Penais)",234,231,3,6.517460008320056,1.1538848876953125,1.8399261802487727,"{'n_estimators': 200, 'max_depth': 3, 'learning_rate': 0.1, 'subsample': 0.9, 'colsample_bytree': 0.8}","[('diff_12', 0.30158815), ('tendencia', 0.24325539), ('diff_1', 0.16611296), ('media_movel_12', 0.06589149), ('lag_12', 0.06188228)]"
ÁGUAS LINDAS DE GOIÁS,"1ª Vara Cível, Família e Sucessões e da Infância e da Juventude",1068,1065,3,0.7709763352561132,0.002777099609375,0.002777099609375,"{'n_estimators': 200, 'max_depth': 3, 'learning_rate': 0.1, 'subsample': 0.9, 'colsample_bytree': 0.9}","[('tendencia', 0.3044673), ('media_movel_6', 0.29345772), ('diff_12', 0.10264748), ('media_movel_3', 0.07659954), ('diff_1', 0.06386469)]"
GOIÂNIA,8ª Vara Criminal dos crimes punidos com reclusão e detenção,509,506,3,3.52416479528518,0.0,0.0,"{'n_estimators': 200, 'max_depth': 3, 'learning_rate': 0.1, 'subsample': 0.8, 'colsample_bytree': 0.9}","[('tendencia', 0.27728528), ('tendencia_quad', 0.17685814), ('media_movel_6', 0.16542034), ('media_movel_12', 0.15771163), ('diff_1', 0.08669578)]"
GOIÂNIA,10º Juizado Especial Cível,779,776,3,5.909417041512423,0.0,0.0,"{'n_estimators': 200, 'max_depth': 3, 'learning_rate': 0.1, 'subsample': 0.8, 'colsample_bytree': 0.9}","[('media_movel_6', 0.26617324), ('tendencia', 0.25056925), ('media_movel_12', 0.2054846), ('media_movel_3', 0.17985946), ('diff_12', 0.027418671)]"
INHUMAS,"Vara Cível, Infância e Juventude e Juizado Especial Cível",1068,1065,3,1.2194510718738962,0.0,0.0,"{'n_estimators': 200, 'max_depth': 3, 'learning_rate': 0.1, 'subsample': 0.8, 'colsample_bytree': 1.0}","[('tendencia', 0.3359678), ('media_movel_12', 0.19897485), ('diff_12', 0.16049322), ('diff_1', 0.103651956), ('lag_1', 0.06262088)]"
PLANALTINA,"1ª Vara Criminal (crimes dolosos contra a vida e Presidência do Tribunal do Júri, Execução Penal e crimes envolvendo violência doméstica)",770,767,3,1.556461500272976,0.0042266845703125,0.0042266845703125,"{'n_estimators': 200, 'max_depth': 3, 'learning_rate': 0.1, 'subsample': 0.9, 'colsample_bytree': 0.9}","[('diff_1', 0.21817364), ('diff_12', 0.21206768), ('tendencia', 0.1400351), ('media_movel_12', 0.13262492), ('lag_1', 0.11723534)]"
TAQUARAL DE GOIÁS,Vara Judicial,1068,1065,3,0.6961725046621207,0.0,0.0,"{'n_estimators': 200, 'max_depth': 5, 'learning_rate': 0.05, 'subsample': 0.8, 'colsample_bytree': 1.0}","[('diff_12', 0.36666557), ('diff_1', 0.31739905), ('lag_1', 0.11912016), ('lag_12', 0.11484184), ('media_movel_12', 0.022583798)]"
PARANAIGUARA,Vara Judicial,680,677,3,1.3171233147212438,0.0,0.0,"{'n_estimators': 200, 'max_depth': 3, 'learning_rate': 0.1, 'subsample': 0.8, 'colsample_bytree': 1.0}","[('diff_1', 0.18379557), ('diff_12', 0.1798531), ('tendencia', 0.1527595), ('media_movel_6', 0.12890534), ('lag_1', 0.069268286)]"
GOIÂNIA,28ª Vara Cível,1068,1065,3,0.7641378242794404,0.0,0.0,"{'n_estimators': 200, 'max_depth': 5, 'learning_rate': 0.05, 'subsample': 0.8, 'colsample_bytree': 1.0}","[('diff_12', 0.33779782), ('diff_1', 0.2921656), ('lag_1', 0.16257592), ('lag_12', 0.13892369), ('media_movel_12', 0.01549361)]"
GOIÂNIA,2ª Vara Cível,949,946,3,0.8349318983721885,0.0,0.0,"{'n_estimators': 200, 'max_depth': 5, 'learning_rate': 0.05, 'subsample': 0.9, 'colsample_bytree': 1.0}","[('diff_12', 0.34701824), ('diff_1', 0.25903612), ('lag_12', 0.11759725), ('media_movel_3', 0.11480006), ('lag_1', 0.102034636)]"
APARECIDA DE GOIÂNIA,3ª Vara Cível,1068,1065,3,0.371446172854321,0.0,0.0,"{'n_estimators': 200, 'max_depth': 3, 'learning_rate': 0.1, 'subsample': 0.8, 'colsample_bytree': 0.9}","[('diff_1', 0.3045742), ('diff_12', 0.23210849), ('lag_1', 0.15003917), ('media_movel_12', 0.12572144), ('media_movel_3', 0.08248562)]"
GOIÂNIA,1º Juizado de Violência Doméstica e Familiar contra a Mulher,683,680,3,3.5853939807182917,0.01540374755859375,0.01540374755859375,"{'n_estimators': 200, 'max_depth': 3, 'learning_rate': 0.1, 'subsample': 0.9, 'colsample_bytree': 1.0}","[('diff_12', 0.19187173), ('media_movel_12', 0.17436017), ('media_movel_6', 0.16451365), ('lag_12', 0.12772821), ('diff_1', 0.12418226)]"
ÁGUAS LINDAS DE GOIÁS,"2ª Vara Cível, Família e Sucessões",1068,1065,3,0.6863279367220603,0.0,0.0,"{'n_estimators': 200, 'max_depth': 3, 'learning_rate': 0.1, 'subsample': 1.0, 'colsample_bytree': 1.0}","[('diff_12', 0.30410644), ('media_movel_12', 0.18429418), ('lag_12', 0.12017097), ('diff_1', 0.11740722), ('media_movel_6', 0.09100305)]"
ARAGARÇAS,"2ª Vara Judicial (Fazendas Públicas, Criminal, Execução Penal e Juizado Criminal)",1068,1065,3,0.7259315571758034,0.0,0.0,"{'n_estimators': 200, 'max_depth': 5, 'learning_rate': 0.05, 'subsample': 0.8, 'colsample_bytree': 1.0}","[('diff_12', 0.50791055), ('diff_1', 0.20254028), ('lag_1', 0.0903455), ('lag_12', 0.053485136), ('media_movel_6', 0.048508145)]"
ARAÇU,Vara Judicial,774,771,3,1.0485832030773161,0.0,0.0,"{'n_estimators': 200, 'max_depth': 5, 'learning_rate': 0.05, 'subsample': 0.8, 'colsample_bytree': 1.0}","[('diff_1', 0.38621867), ('diff_12', 0.22192264), ('lag_12', 0.10369455), ('media_movel_3', 0.07504943), ('lag_1', 0.07302819)]"
CERES,Juizado Especial Cível e Criminal,732,729,3,2.6647530913550006,0.034332275390625,0.034332275390625,"{'n_estimators': 200, 'max_depth': 3, 'learning_rate': 0.1, 'subsample': 0.8, 'colsample_bytree': 0.9}","[('diff_12', 0.20205817), ('diff_1', 0.16374396), ('tendencia_quad', 0.1351295), ('media_movel_12', 0.11540964), ('tendencia', 0.11414925)]"
PLANALTINA,2ª Vara Criminal (crimes em geral),299,296,3,5.6906550993627425,0.1055145263671875,0.1055145263671875,"{'n_estimators': 200, 'max_depth': 3, 'learning_rate': 0.05, 'subsample': 1.0, 'colsample_bytree': 1.0}","[('tendencia', 0.63054824), ('diff_12', 0.1278746), ('diff_1', 0.060802005), ('lag_5', 0.05569981), ('lag_1', 0.0345837)]"
LUZIÂNIA,1ª Vara de Família e Sucessões,485,482,3,4.832709502983093,0.00727081298828125,0.00727081298828125,"{'n_estimators': 200, 'max_depth': 3, 'learning_rate': 0.1, 'subsample': 1.0, 'colsample_bytree': 1.0}","[('tendencia', 0.5738083), ('media_movel_12', 0.1138778), ('diff_1', 0.09456585), ('diff_12', 0.087935805), ('lag_12', 0.03941506)]"
TRIBUNAL DE JUSTIÇA,GABINETE DES. WILD AFONSO OGAWA,56,53,3,7.8554817246792386,46.98717435201009,55.66576688191931,"{'n_estimators': 200, 'max_depth': 3, 'learning_rate': 0.1, 'subsample': 0.8, 'colsample_bytree': 0.9}","[('diff_12', 0.61195785), ('diff_1', 0.2973374), ('lag_2', 0.03177824), ('lag_1', 0.026368262), ('lag_6', 0.018338867)]"
MAURILÂNDIA,Vara Judicial,1068,1065,3,1.2288779317564882,0.0,0.0,"{'n_estimators': 200, 'max_depth': 3, 'learning_rate': 0.1, 'subsample': 1.0, 'colsample_bytree': 0.9}","[('diff_1', 0.24204963), ('diff_12', 0.16747712), ('tendencia_quad', 0.14422618), ('media_movel_12', 0.1404959), ('lag_1', 0.107856125)]"
TRIBUNAL DE JUSTIÇA,GABINETE DES. JERONYMO PEDRO VILLAS BOAS,182,179,3,7.535979049405147,5.769938151041667,6.6826265606192425,"{'n_estimators': 200, 'max_depth': 3, 'learning_rate': 0.1, 'subsample': 0.8, 'colsample_bytree': 0.9}","[('tendencia', 0.63159996), ('diff_12', 0.06531399), ('media_movel_3', 0.060704943), ('diff_1', 0.05029786), ('trimestre_cos', 0.049794037)]"
GOIÂNIA,14ª Vara Cível e Ambiental,1068,1065,3,0.7863485245354435,0.01085662841796875,0.01085662841796875,"{'n_estimators': 200, 'max_depth': 3, 'learning_rate': 0.1, 'subsample': 0.9, 'colsample_bytree': 1.0}","[('diff_12', 0.31905606), ('diff_1', 0.2234045), ('lag_1', 0.15282656), ('lag_12', 0.12764418), ('media_movel_12', 0.08613575)]"
TRIBUNAL DE JUSTIÇA,GABINETE DES. ITAMAR DE LIMA,202,199,3,11.85548812831893,5.150482177734375,6.821502644941327,"{'n_estimators': 200, 'max_depth': 3, 'learning_rate': 0.1, 'subsample': 1.0, 'colsample_bytree': 0.9}","[('ano', 0.6037291), ('tendencia', 0.21604559), ('media_movel_6', 0.052408557), ('media_movel_3', 0.040727038), ('diff_12', 0.03271022)]"
HIDROLÂNDIA,"2ª Vara Judicial (Fazendas Públicas, Criminal, Execução Penal e Juizado Criminal)",1026,1023,3,1.005641599767348,0.01390838623046875,0.01390838623046875,"{'n_estimators': 200, 'max_depth': 5, 'learning_rate': 0.05, 'subsample': 0.9, 'colsample_bytree': 1.0}","[('diff_1', 0.39183614), ('diff_12', 0.31693736), ('lag_12', 0.13277888), ('lag_1', 0.09219315), ('media_movel_6', 0.015677348)]"
GOIANÉSIA,"2ª Vara Criminal (Crimes em geral, Crimes dolosos contra a vida e Presidência do Tribunal do Júri e Crimes envolvendo Violência Doméstica)",722,719,3,2.317096637116761,0.0,0.0,"{'n_estimators': 200, 'max_depth': 3, 'learning_rate': 0.05, 'subsample': 0.8, 'colsample_bytree': 0.9}","[('diff_1', 0.26452684), ('diff_12', 0.17389692), ('tendencia', 0.10953362), ('lag_1', 0.09193731), ('media_movel_3', 0.09143526)]"
GOIÂNIA,1º Juizado Especial Cível,857,854,3,3.938642439936248,0.11307525634765625,0.11307525634765625,"{'n_estimators': 200, 'max_depth': 3, 'learning_rate': 0.1, 'subsample': 0.8, 'colsample_bytree': 0.9}","[('tendencia', 0.5052946), ('diff_12', 0.083880946), ('tendencia_quad', 0.07234863), ('media_movel_6', 0.068037294), ('diff_1', 0.06513348)]"
TRIBUNAL DE JUSTIÇA,GABINETE DES. RONNIE PAES SANDRE,80,77,3,5.2915733033840855,32.704837799072266,33.318027654831404,"{'n_estimators': 200, 'max_depth': 3, 'learning_rate': 0.1, 'subsample': 1.0, 'colsample_bytree': 0.8}","[('diff_12', 0.23873669), ('tendencia', 0.23175555), ('tendencia_quad', 0.20000598), ('std_movel_6', 0.06781775), ('diff_1', 0.061422117)]"
SANTO ANTÔNIO DO DESCOBERTO,Vara Criminal,1035,1032,3,0.8072931575331577,0.0,0.0,"{'n_estimators': 200, 'max_depth': 5, 'learning_rate': 0.1, 'subsample': 0.9, 'colsample_bytree': 1.0}","[('diff_12', 0.6200184), ('diff_1', 0.1536604), ('lag_12', 0.079640515), ('lag_1', 0.06525377), ('media_movel_3', 0.025739893)]"
JUSSARA,"2ª Vara Judicial (Fazendas Públicas, Criminal, Execução Penal e Juizado Criminal)",986,983,3,1.189464525281286,0.0,0.0,"{'n_estimators': 200, 'max_depth': 3, 'learning_rate': 0.1, 'subsample': 0.9, 'colsample_bytree': 1.0}","[('diff_1', 0.34856558), ('diff_12', 0.30636987), ('lag_1', 0.10314244), ('lag_12', 0.0694904), ('media_movel_12', 0.04739428)]"
GOIÂNIA,1ª Vara da Fazenda Pública Estadual,1059,1056,3,0.668940950567072,0.0,0.0,"{'n_estimators': 200, 'max_depth': 3, 'learning_rate': 0.1, 'subsample': 0.8, 'colsample_bytree': 0.8}","[('diff_1', 0.38638702), ('diff_12', 0.32072145), ('lag_12', 0.08815667), ('lag_1', 0.07771968), ('media_movel_12', 0.053276345)]"
APARECIDA DE GOIÂNIA,1° Juizado de Violência Doméstica e Familiar contra a Mulher,759,756,3,2.6957308439224485,0.0,0.0,"{'n_estimators': 200, 'max_depth': 3, 'learning_rate': 0.1, 'subsample': 0.9, 'colsample_bytree': 0.9}","[('media_movel_12', 0.20505562), ('diff_1', 0.17877842), ('trimestre_cos', 0.1433986), ('media_movel_3', 0.12946811), ('diff_12', 0.12928405)]"
CALDAS NOVAS,2º Juizado Especial Cível e Criminal,1041,1038,3,0.8877586673449919,0.0113067626953125,0.0113067626953125,"{'n_estimators': 200, 'max_depth': 3, 'learning_rate': 0.1, 'subsample': 0.9, 'colsample_bytree': 1.0}","[('diff_12', 0.32623434), ('diff_1', 0.2613243), ('lag_12', 0.1457462), ('lag_1', 0.09873178), ('media_movel_12', 0.08935156)]"
MOZARLÂNDIA,"2ª Vara Judicial (Fazendas Públicas, Criminal, Execução Penal e Juizado Criminal)",1068,1065,3,0.6180365555757854,0.02642822265625,0.02642822265625,"{'n_estimators': 200, 'max_depth': 3, 'learning_rate': 0.1, 'subsample': 0.9, 'colsample_bytree': 1.0}","[('diff_12', 0.31831333), ('diff_1', 0.30008045), ('lag_1', 0.10540448), ('lag_12', 0.09011151), ('media_movel_3', 0.07121769)]"
FAZENDA NOVA,Vara Judicial,553,550,3,1.4063088774628691,0.0,0.0,"{'n_estimators': 200, 'max_depth': 3, 'learning_rate': 0.05, 'subsample': 0.8, 'colsample_bytree': 0.9}","[('diff_1', 0.23867624), ('diff_12', 0.15953141), ('tendencia_quad', 0.15290159), ('tendencia', 0.10134304), ('lag_1', 0.08302759)]"
CALDAS NOVAS,"3ª Vara (Cível, Fazenda Pública Municipal e Ambiental)",1068,1065,3,1.2020584639209813,0.010223388671875,0.010223388671875,"{'n_estimators': 200, 'max_depth': 3, 'learning_rate': 0.1, 'subsample': 0.9, 'colsample_bytree': 0.8}","[('diff_12', 0.5808072), ('diff_1', 0.17779346), ('trimestre_cos', 0.045267105), ('lag_1', 0.04227975), ('lag_12', 0.037261307)]"
ANÁPOLIS,4º Juizado Especial Cível,729,726,3,4.296069484994431,0.155303955078125,0.155303955078125,"{'n_estimators': 200, 'max_depth': 3, 'learning_rate': 0.1, 'subsample': 0.8, 'colsample_bytree': 1.0}","[('tendencia', 0.5494784), ('media_movel_3', 0.21073328), ('media_movel_12', 0.06661449), ('diff_1', 0.04706755), ('diff_12', 0.040462412)]"
JATAÍ,Vara de Família e Sucessões,467,464,3,3.9603006326254317,0.12413787841796875,0.12413787841796875,"{'n_estimators': 200, 'max_depth': 3, 'learning_rate': 0.1, 'subsample': 1.0, 'colsample_bytree': 1.0}","[('tendencia', 0.6540965), ('diff_12', 0.09765371), ('diff_1', 0.06994227), ('lag_12', 0.04781285), ('lag_1', 0.0373207)]"
TRIBUNAL DE JUSTIÇA,GABINETE DES. FERNANDO DE MELLO XAVIER,144,141,3,4.487368397747046,35.23811467488607,36.895883294386124,"{'n_estimators': 200, 'max_depth': 3, 'learning_rate': 0.1, 'subsample': 1.0, 'colsample_bytree': 0.8}","[('media_movel_12', 0.3771772), ('diff_12', 0.218346), ('tendencia', 0.14623453), ('tendencia_sqrt', 0.07852962), ('diff_1', 0.045737993)]"
PLANALTINA,"2ª Vara (Cível, das Fazendas Públicas, de Registros Públicos e Ambiental)",1068,1065,3,0.6039938404492738,0.0,0.0,"{'n_estimators': 200, 'max_depth': 3, 'learning_rate': 0.1, 'subsample': 1.0, 'colsample_bytree': 1.0}","[('diff_12', 0.39756688), ('diff_1', 0.36793587), ('lag_1', 0.0599967), ('lag_12', 0.05069585), ('media_movel_6', 0.031199774)]"
TRIBUNAL DE JUSTIÇA,GABINETE DES. ELISEU JOSÉ TAVEIRA VIEIRA,146,143,3,9.355046875062197,20.525421142578125,23.37441338582558,"{'n_estimators': 200, 'max_depth': 3, 'learning_rate': 0.1, 'subsample': 0.8, 'colsample_bytree': 1.0}","[('diff_12', 0.3381055), ('tendencia', 0.1938514), ('media_movel_12', 0.1287366), ('diff_1', 0.11215877), ('media_movel_3', 0.0680182)]"
ITAPURANGA,"2ª Vara Judicial (Fazendas Públicas, Criminal, Execução Penal e Juizado Criminal)",1068,1065,3,0.8590386790474931,0.009796142578125,0.009796142578125,"{'n_estimators': 200, 'max_depth': 3, 'learning_rate': 0.1, 'subsample': 0.9, 'colsample_bytree': 1.0}","[('diff_1', 0.35653046), ('diff_12', 0.25525102), ('lag_1', 0.14958654), ('lag_12', 0.1200875), ('media_movel_12', 0.060175404)]"
TRIBUNAL DE JUSTIÇA,GABINETE DES. ALGOMIRO CARVALHO NETO,148,145,3,6.138435165330768,43.810848236083984,44.97081900872554,"{'n_estimators': 100, 'max_depth': 3, 'learning_rate': 0.1, 'subsample': 1.0, 'colsample_bytree': 0.8}","[('diff_12', 0.46727714), ('media_movel_12', 0.09614546), ('diff_1', 0.08807534), ('tendencia_sqrt', 0.07699134), ('tendencia', 0.06293186)]"
JANDAIA,Vara Judicial,1068,1065,3,1.1319191297972941,0.01506805419921875,0.01506805419921875,"{'n_estimators': 200, 'max_depth': 3, 'learning_rate': 0.1, 'subsample': 0.9, 'colsample_bytree': 1.0}","[('diff_1', 0.31351876), ('diff_12', 0.23982912), ('lag_1', 0.14615847), ('lag_12', 0.10761314), ('media_movel_12', 0.0972493)]"
GOIANÉSIA,1ª Vara Criminal (crimes em geral e execuções penais),668,665,3,1.4802636088978163,0.0,0.0,"{'n_estimators': 200, 'max_depth': 3, 'learning_rate': 0.1, 'subsample': 0.8, 'colsample_bytree': 0.9}","[('diff_1', 0.33043984), ('diff_12', 0.23228292), ('tendencia', 0.12089506), ('lag_1', 0.10443213), ('lag_12', 0.071509495)]"
TRIBUNAL DE JUSTIÇA,GABINETE DES. ROBERTO HORACIO REZENDE,89,86,3,7.181456022339208,44.92219161987305,44.93501250266412,"{'n_estimators': 200, 'max_depth': 3, 'learning_rate': 0.05, 'subsample': 0.8, 'colsample_bytree': 0.9}","[('lag_5', 0.37564003), ('media_movel_12', 0.18146688), ('tendencia', 0.13809043), ('tendencia_quad', 0.08374849), ('diff_12', 0.07734823)]"
TRIBUNAL DE JUSTIÇA,GABINETE DES. SILVÂNIO DIVINO DE ALVARENGA,88,85,3,10.563324761799404,24.21416727701823,24.661194066086484,"{'n_estimators': 200, 'max_depth': 7, 'learning_rate': 0.05, 'subsample': 0.8, 'colsample_bytree': 1.0}","[('tendencia', 0.6127171), ('media_movel_6', 0.11657399), ('std_movel_12', 0.07965343), ('diff_12', 0.056383736), ('media_movel_3', 0.035018463)]"
ORIZONA,Vara Judicial,996,993,3,0.804808209783381,0.0,0.0,"{'n_estimators': 200, 'max_depth': 3, 'learning_rate': 0.1, 'subsample': 0.9, 'colsample_bytree': 0.8}","[('diff_12', 0.33076936), ('diff_1', 0.22508618), ('media_movel_12', 0.09965659), ('lag_12', 0.09024541), ('lag_1', 0.084842734)]"
GOIANDIRA,Vara Judicial,914,911,3,1.2037773180828977,0.01978302001953125,0.01978302001953125,"{'n_estimators': 200, 'max_depth': 3, 'learning_rate': 0.1, 'subsample': 0.8, 'colsample_bytree': 1.0}","[('diff_1', 0.1745557), ('media_movel_12', 0.15558831), ('tendencia', 0.14628105), ('media_movel_6', 0.10939268), ('diff_12', 0.10539726)]"
SENADOR CANEDO,1ª Vara Cível,1040,1037,3,0.9856553312789564,0.0,0.0,"{'n_estimators': 200, 'max_depth': 3, 'learning_rate': 0.1, 'subsample': 0.9, 'colsample_bytree': 1.0}","[('diff_12', 0.35491318), ('diff_1', 0.18737139), ('lag_12', 0.162347), ('lag_1', 0.113234244), ('media_movel_6', 0.06092727)]"
PORANGATU,"1ª Vara Cível, de Família e Sucessões e da Infância e Juventude",1068,1065,3,0.8349641540872177,0.0,0.0,"{'n_estimators': 200, 'max_depth': 3, 'learning_rate': 0.1, 'subsample': 0.8, 'colsample_bytree': 1.0}","[('diff_12', 0.2952127), ('diff_1', 0.20271897), ('lag_12', 0.12716997), ('lag_1', 0.11903273), ('media_movel_6', 0.08453633)]"
TRIBUNAL DE JUSTIÇA,GABINETE DES. ADRIANO ROBERTO LINHARES CAMARGO,62,59,3,9.869379160787497,62.82301584879557,64.53791084268327,"{'n_estimators': 200, 'max_depth': 3, 'learning_rate': 0.1, 'subsample': 1.0, 'colsample_bytree': 0.9}","[('diff_12', 0.4440373), ('diff_1', 0.18773492), ('std_movel_12', 0.13655448), ('media_movel_6', 0.07022116), ('lag_6', 0.05468307)]"
QUIRINÓPOLIS,Vara Criminal,682,679,3,2.297076366053218,0.0,0.0,"{'n_estimators': 200, 'max_depth': 3, 'learning_rate': 0.1, 'subsample': 0.8, 'colsample_bytree': 1.0}","[('diff_12', 0.28923845), ('diff_1', 0.18523206), ('tendencia', 0.123116694), ('lag_12', 0.09096748), ('lag_1', 0.08698757)]"
TRIBUNAL DE JUSTIÇA,GABINETE DES. SERGIO MENDONÇA DE ARAÚJO,170,167,3,8.34768624072384,3.6075439453125,4.493741280227854,"{'n_estimators': 200, 'max_depth': 3, 'learning_rate': 0.1, 'subsample': 0.9, 'colsample_bytree': 1.0}","[('diff_1', 0.47879675), ('media_movel_12', 0.23705088), ('diff_12', 0.11788002), ('trimestre_sin', 0.06427017), ('tendencia', 0.048035204)]"
QUIRINÓPOLIS,Juizado Especial Cível e Criminal,613,610,3,4.670155673867405,0.0,0.0,"{'n_estimators': 200, 'max_depth': 3, 'learning_rate': 0.1, 'subsample': 0.8, 'colsample_bytree': 1.0}","[('ano', 0.6064107), ('tendencia', 0.19819266), ('media_movel_3', 0.068151295), ('diff_1', 0.031007493), ('diff_12', 0.02490948)]"
ACREÚNA,"2ª Vara Judicial (Fazendas Públicas, Criminal, Execução Penal e Juizado Criminal)",920,917,3,1.0787744801169947,0.0,0.0,"{'n_estimators': 200, 'max_depth': 3, 'learning_rate': 0.1, 'subsample': 0.9, 'colsample_bytree': 0.8}","[('diff_1', 0.30094963), ('diff_12', 0.27998734), ('lag_12', 0.09718206), ('lag_1', 0.08982525), ('tendencia_quad', 0.060868688)]"
GOIANIRA,Vara Cível,1028,1025,3,0.8384578913071576,0.04512786865234375,0.04512786865234375,"{'n_estimators': 200, 'max_depth': 3, 'learning_rate': 0.1, 'subsample': 0.9, 'colsample_bytree': 0.8}","[('diff_12', 0.29138213), ('diff_1', 0.2698297), ('lag_12', 0.13037598), ('lag_1', 0.09221348), ('media_movel_12', 0.05882105)]"
GOIÂNIA,1ª Vara de Sucessões,1068,1065,3,0.5749847974184543,0.022735595703125,0.022735595703125,"{'n_estimators': 200, 'max_depth': 3, 'learning_rate': 0.1, 'subsample': 0.8, 'colsample_bytree': 0.8}","[('diff_12', 0.2996853), ('diff_1', 0.27105436), ('lag_1', 0.113788806), ('lag_12', 0.103758834), ('trimestre_cos', 0.08658852)]"
RIO VERDE,2ª Vara Cível,1068,1065,3,0.5002052346784517,0.0,0.0,"{'n_estimators': 200, 'max_depth': 3, 'learning_rate': 0.1, 'subsample': 0.8, 'colsample_bytree': 1.0}","[('diff_1', 0.3295561), ('diff_12', 0.29288903), ('lag_1', 0.1568682), ('lag_12', 0.09502335), ('media_movel_12', 0.037369903)]"
APARECIDA DE GOIÂNIA,1ª Vara Cível,1068,1065,3,0.44285625910354876,0.0,0.0,"{'n_estimators': 200, 'max_depth': 3, 'learning_rate': 0.1, 'subsample': 0.8, 'colsample_bytree': 0.9}","[('diff_1', 0.30254865), ('diff_12', 0.25266716), ('lag_1', 0.12125251), ('media_movel_12', 0.10122286), ('lag_12', 0.08116025)]"
ITUMBIARA,1ª Vara (Cív. e da Inf.e da Juv.),1068,1065,3,0.9381236460195425,0.008880615234375,0.008880615234375,"{'n_estimators': 200, 'max_depth': 3, 'learning_rate': 0.1, 'subsample': 0.8, 'colsample_bytree': 1.0}","[('diff_12', 0.31165987), ('diff_1', 0.2268879), ('lag_1', 0.13565364), ('lag_12', 0.1303808), ('media_movel_12', 0.064414)]"
NOVO GAMA,"1ª Vara Criminal (Crimes em Geral, Crimes Dolosos Contra a Vida e Execução Penal) e Juizado Especial Criminal",715,712,3,1.3439731533244506,0.0,0.0,"{'n_estimators': 200, 'max_depth': 3, 'learning_rate': 0.1, 'subsample': 1.0, 'colsample_bytree': 0.9}","[('diff_1', 0.29055557), ('diff_12', 0.22101139), ('tendencia', 0.11092645), ('lag_1', 0.091031455), ('media_movel_12', 0.07240641)]"
SENADOR CANEDO,"2ª Vara Criminal (Crimes em geral, Crimes dolosos contra a vida e Presidência do Tribunal do Júri e Crimes envolvendo Violência Doméstica)",1020,1017,3,1.5532084173620104,0.0,0.0,"{'n_estimators': 200, 'max_depth': 3, 'learning_rate': 0.1, 'subsample': 0.8, 'colsample_bytree': 0.8}","[('diff_1', 0.2917791), ('diff_12', 0.28736725), ('tendencia', 0.11467651), ('media_movel_12', 0.07894437), ('lag_12', 0.06872263)]"
NERÓPOLIS,"2ª Vara Judicial (Fazendas Públicas, Criminal, Execução Penal e Juizado Criminal)",1032,1029,3,1.1520739060786735,0.0,0.0,"{'n_estimators': 200, 'max_depth': 3, 'learning_rate': 0.1, 'subsample': 0.9, 'colsample_bytree': 1.0}","[('diff_12', 0.32467246), ('diff_1', 0.278525), ('lag_1', 0.11153195), ('lag_12', 0.100628816), ('media_movel_3', 0.07000575)]"
TRIBUNAL DE JUSTIÇA,GABINETE DES. IVO FAVARO,61,58,3,8.334808049254947,17.54071807861328,18.364820102083414,"{'n_estimators': 200, 'max_depth': 7, 'learning_rate': 0.1, 'subsample': 1.0, 'colsample_bytree': 0.8}","[('diff_12', 0.6420327), ('tendencia', 0.15730383), ('media_movel_12', 0.07802824), ('std_movel_3', 0.04075014), ('lag_1', 0.019008098)]"
ITABERAÍ,"Vara Criminal (crimes em geral, crimes dolosos contra a vida e Pres. do Trib. do Júri execução penal) e Juizado Especial Criminal.",1000,997,3,1.2056641378747412,0.0073089599609375,0.0073089599609375,"{'n_estimators': 200, 'max_depth': 5, 'learning_rate': 0.1, 'subsample': 0.9, 'colsample_bytree': 0.9}","[('diff_1', 0.38399103), ('diff_12', 0.23495868), ('ano', 0.12398416), ('lag_1', 0.08239456), ('lag_12', 0.07943044)]"
APARECIDA DE GOIÂNIA,6ª Vara Cível,1068,1065,3,0.37480989686782723,0.0,0.0,"{'n_estimators': 200, 'max_depth': 3, 'learning_rate': 0.1, 'subsample': 0.9, 'colsample_bytree': 1.0}","[('diff_12', 0.4069062), ('diff_1', 0.21321648), ('lag_1', 0.13911156), ('lag_12', 0.12951721), ('media_movel_12', 0.047871888)]"
CATALÃO,1º Juizado Especial Cível e Criminal,435,432,3,5.687322764502631,0.35779571533203125,0.35779571533203125,"{'n_estimators': 200, 'max_depth': 3, 'learning_rate': 0.1, 'subsample': 1.0, 'colsample_bytree': 0.9}","[('tendencia', 0.38276768), ('media_movel_6', 0.17295164), ('ano', 0.09328108), ('tendencia_quad', 0.091455214), ('diff_1', 0.052385252)]"
SÃO LUÍS DE MONTES BELOS,Vara Cível e Juizado Especial Cível,1001,998,3,1.2273071792786383,0.0,0.0,"{'n_estimators': 200, 'max_depth': 3, 'learning_rate': 0.1, 'subsample': 0.8, 'colsample_bytree': 0.8}","[('diff_12', 0.35351816), ('diff_1', 0.23888966), ('lag_12', 0.12960465), ('lag_1', 0.119940355), ('media_movel_12', 0.061840907)]"
TRIBUNAL DE JUSTIÇA,GABINETE DES. GILBERTO MARQUES FILHO,172,169,3,11.233999481896339,3.8067804972330728,5.006725691194627,"{'n_estimators': 200, 'max_depth': 3, 'learning_rate': 0.1, 'subsample': 1.0, 'colsample_bytree': 0.8}","[('tendencia', 0.44176462), ('media_movel_12', 0.20338055), ('tendencia_quad', 0.12711956), ('media_movel_3', 0.08012643), ('diff_12', 0.044129916)]"
TRIBUNAL DE JUSTIÇA,GABINETE DES. ALEXANDRE DE MORAIS KAFURI,89,86,3,10.625957588876997,26.872479756673176,27.422877395342738,"{'n_estimators': 200, 'max_depth': 3, 'learning_rate': 0.1, 'subsample': 0.8, 'colsample_bytree': 1.0}","[('media_movel_12', 0.36461258), ('tendencia', 0.18964994), ('media_movel_6', 0.114037424), ('lag_4', 0.09876121), ('lag_5', 0.07583985)]"
GOIÂNIA,23ª Vara Cível,1022,1019,3,0.7696291182478502,0.006256103515625,0.006256103515625,"{'n_estimators': 200, 'max_depth': 3, 'learning_rate': 0.1, 'subsample': 0.8, 'colsample_bytree': 0.8}","[('diff_12', 0.2899334), ('diff_1', 0.24615903), ('lag_12', 0.11317127), ('lag_1', 0.10387452), ('media_movel_12', 0.06975219)]"
GOIÂNIA,5ª Vara da Fazenda Pública Municipal e de Registros Públicos – Execução Fiscal,1021,1018,3,0.9430966304801622,0.0,0.0,"{'n_estimators': 200, 'max_depth': 3, 'learning_rate': 0.1, 'subsample': 1.0, 'colsample_bytree': 1.0}","[('diff_12', 0.53826296), ('diff_1', 0.2775861), ('lag_12', 0.041283593), ('lag_1', 0.039278653), ('lag_5', 0.01970007)]"
GOIÂNIA,13ª Vara Cível e Ambiental,1068,1065,3,0.7512420792229431,0.0,0.0,"{'n_estimators': 200, 'max_depth': 3, 'learning_rate': 0.05, 'subsample': 0.8, 'colsample_bytree': 1.0}","[('diff_12', 0.3591519), ('diff_1', 0.18426359), ('lag_12', 0.124760054), ('lag_1', 0.08986416), ('media_movel_12', 0.07383834)]"
GOIÂNIA,Auditoria Militar,599,596,3,2.725728504527699,0.0,0.0,"{'n_estimators': 200, 'max_depth': 3, 'learning_rate': 0.1, 'subsample': 0.9, 'colsample_bytree': 0.8}","[('diff_12', 0.2637777), ('diff_1', 0.18691821), ('tendencia', 0.1138194), ('media_movel_12', 0.095143974), ('lag_1', 0.09288377)]"
GOIÂNIA,31ª Vara Cível,831,828,3,0.7812204572152404,0.0,0.0,"{'n_estimators': 200, 'max_depth': 3, 'learning_rate': 0.1, 'subsample': 0.9, 'colsample_bytree': 1.0}","[('diff_12', 0.35207593), ('diff_1', 0.30950615), ('lag_12', 0.14154565), ('lag_1', 0.13619542), ('media_movel_12', 0.015157468)]"
GOIÂNIA,2ª Vara da Fazenda Pública Estadual,864,861,3,0.8658197234894012,0.04895782470703125,0.04895782470703125,"{'n_estimators': 200, 'max_depth': 3, 'learning_rate': 0.1, 'subsample': 0.9, 'colsample_bytree': 0.9}","[('diff_1', 0.41831723), ('diff_12', 0.32879454), ('lag_1', 0.06079436), ('lag_12', 0.060603067), ('ano', 0.030469159)]"
JARAGUÁ,Vara das Fazendas Públicas e Registro Público e de Família e Sucessões,725,722,3,2.4959103622436523,0.0153961181640625,0.0153961181640625,"{'n_estimators': 200, 'max_depth': 3, 'learning_rate': 0.1, 'subsample': 0.8, 'colsample_bytree': 0.9}","[('diff_12', 0.25831383), ('diff_1', 0.17968944), ('lag_12', 0.13094677), ('tendencia', 0.12285817), ('lag_1', 0.11883581)]"
